{
  "accuracy": [
    0.20516175031661987,
    0.2609303891658783,
    0.33465686440467834,
    0.3755358159542084,
    0.4157830476760864,
    0.4407796859741211,
    0.44971349835395813,
    0.46473851799964905,
    0.47728195786476135,
    0.4913143515586853,
    0.4978567957878113,
    0.5039029121398926,
    0.5074673891067505,
    0.5193340182304382,
    0.5242521166801453,
    0.5293506979942322,
    0.5369309186935425,
    0.5378784537315369,
    0.5482109785079956,
    0.5501962900161743,
    0.5514145493507385,
    0.5597166419029236,
    0.5756440758705139,
    0.5801109671592712,
    0.5872851014137268,
    0.5898569822311401,
    0.592022716999054,
    0.5979334712028503,
    0.5972566604614258,
    0.5944592356681824,
    0.603438138961792,
    0.6023101806640625,
    0.6104317903518677,
    0.6095293760299683,
    0.6134999990463257,
    0.6134548783302307,
    0.6165681481361389,
    0.6196363568305969,
    0.6156206130981445,
    0.6212155222892761,
    0.6215764880180359,
    0.6236971616744995,
    0.629472553730011,
    0.6262238621711731,
    0.6291115880012512,
    0.6311871409416199,
    0.6313676238059998,
    0.644407331943512,
    0.6406623721122742,
    0.6440463662147522,
    0.6462572813034058,
    0.6453097462654114,
    0.6447231769561768,
    0.6527094841003418,
    0.6537472605705261,
    0.6519424319267273,
    0.6591165661811829,
    0.6598836183547974,
    0.6571312546730042,
    0.6619139909744263,
    0.6618237495422363,
    0.6615981459617615,
    0.6648468375205994,
    0.667283296585083,
    0.6684113144874573
  ],
  "loss": [
    1.9994293451309204,
    1.8379513025283813,
    1.697738766670227,
    1.604069471359253,
    1.5166627168655396,
    1.4506725072860718,
    1.412598967552185,
    1.3744860887527466,
    1.3453178405761719,
    1.3163260221481323,
    1.2969627380371094,
    1.2738341093063354,
    1.2616376876831055,
    1.2263686656951904,
    1.2081159353256226,
    1.2058833837509155,
    1.1732996702194214,
    1.1697185039520264,
    1.1507424116134644,
    1.1442291736602783,
    1.1317963600158691,
    1.1166735887527466,
    1.0632001161575317,
    1.0406485795974731,
    1.028645634651184,
    1.0132170915603638,
    1.0074126720428467,
    1.0050166845321655,
    0.9925276637077332,
    0.9865027666091919,
    0.9828097820281982,
    0.9842899441719055,
    0.9663804173469543,
    0.9531485438346863,
    0.9704865217208862,
    0.95695561170578,
    0.9346571564674377,
    0.9349597096443176,
    0.9373432993888855,
    0.921540379524231,
    0.9264559149742126,
    0.9211399555206299,
    0.9021794199943542,
    0.9112281799316406,
    0.8962149024009705,
    0.886018693447113,
    0.8943767547607422,
    0.8691798448562622,
    0.8651081919670105,
    0.8593838214874268,
    0.8559982776641846,
    0.8527055978775024,
    0.8458996415138245,
    0.8317031860351562,
    0.8289949893951416,
    0.8345118165016174,
    0.8199999332427979,
    0.8239509463310242,
    0.8223357796669006,
    0.8165672421455383,
    0.8092198967933655,
    0.8036025762557983,
    0.8018149733543396,
    0.8007009029388428,
    0.7933354377746582
  ],
  "val_accuracy": [
    0.05642633140087128,
    0.40491119027137756,
    0.330024391412735,
    0.26889586448669434,
    0.45663532614707947,
    0.4407871961593628,
    0.47143852710723877,
    0.4972135126590729,
    0.4952978193759918,
    0.48049458861351013,
    0.5515499711036682,
    0.5151515007019043,
    0.5703587532043457,
    0.5475444197654724,
    0.5304771661758423,
    0.5444096326828003,
    0.5928248167037964,
    0.5503308773040771,
    0.5656565427780151,
    0.5933472514152527,
    0.5571229457855225,
    0.5668756365776062,
    0.6055381298065186,
    0.6182515025138855,
    0.6142458915710449,
    0.6130267977714539,
    0.6119818687438965,
    0.6145942211151123,
    0.622431218624115,
    0.6098920106887817,
    0.6280041933059692,
    0.6081504821777344,
    0.6206896305084229,
    0.6058864593505859,
    0.5889933705329895,
    0.6283524632453918,
    0.6246952414512634,
    0.622431218624115,
    0.6323580741882324,
    0.6233019828796387,
    0.616684079170227,
    0.6302682161331177,
    0.6386276483535767,
    0.6292232871055603,
    0.6105886697769165,
    0.6264367699623108,
    0.6217345595359802,
    0.6196447014808655,
    0.645419716835022,
    0.6374085545539856,
    0.6391501426696777,
    0.6428073644638062,
    0.6318355798721313,
    0.6403692364692688,
    0.6400209069252014,
    0.6429815292358398,
    0.6468129754066467,
    0.6405433416366577,
    0.6398467421531677,
    0.6445489525794983,
    0.6438522934913635,
    0.6469871401786804,
    0.6393242478370667,
    0.637060284614563,
    0.6452455520629883
  ],
  "val_loss": [
    2.024963140487671,
    1.559694766998291,
    1.7464836835861206,
    1.8826868534088135,
    1.396445870399475,
    1.4992341995239258,
    1.3844207525253296,
    1.3003052473068237,
    1.3087667226791382,
    1.3563176393508911,
    1.1667848825454712,
    1.2846100330352783,
    1.1405949592590332,
    1.1842875480651855,
    1.2293754816055298,
    1.2000287771224976,
    1.0755374431610107,
    1.2011598348617554,
    1.1494646072387695,
    1.0940790176391602,
    1.1713818311691284,
    1.1601147651672363,
    1.0518525838851929,
    1.0282145738601685,
    1.0334599018096924,
    1.0516425371170044,
    1.031629204750061,
    1.0275993347167969,
    1.0274450778961182,
    1.0432528257369995,
    1.0101615190505981,
    1.0481088161468506,
    1.0307847261428833,
    1.0552928447723389,
    1.1025996208190918,
    1.0045570135116577,
    1.0246065855026245,
    1.0256001949310303,
    0.9877493381500244,
    1.0110149383544922,
    1.0470935106277466,
    0.9843552112579346,
    0.9869198799133301,
    1.0051100254058838,
    1.099238395690918,
    1.014033555984497,
    1.0152024030685425,
    1.0270591974258423,
    0.9820127487182617,
    0.9869677424430847,
    0.9792739152908325,
    0.9737639427185059,
    1.0013700723648071,
    0.9759089946746826,
    0.9734594225883484,
    0.9885050058364868,
    0.9796000719070435,
    0.9870482087135315,
    0.9803744554519653,
    0.9845177531242371,
    0.9849252700805664,
    0.9799717664718628,
    0.9958482384681702,
    0.9969168901443481,
    0.9798122644424438
  ],