{
  "accuracy": [
    0.2100798636674881,
    0.2767675817012787,
    0.3486441373825073,
    0.3905157148838043,
    0.42363399267196655,
    0.445878267288208,
    0.46130940318107605,
    0.47434914112091064,
    0.4829671084880829,
    0.49451789259910583,
    0.5077381134033203,
    0.5099039077758789,
    0.5172584652900696,
    0.526237428188324,
    0.5319225788116455,
    0.5373370051383972,
    0.54112708568573,
    0.5408563613891602,
    0.5497902035713196,
    0.557550847530365,
    0.5603934526443481,
    0.5658529996871948,
    0.5672517418861389,
    0.5749221444129944,
    0.5845327973365784,
    0.5975725054740906,
    0.5937824249267578,
    0.5977981090545654,
    0.5979785919189453,
    0.6021296977996826,
    0.6089428067207336,
    0.6087623238563538,
    0.6185083389282227,
    0.6225691437721252,
    0.6226593852043152,
    0.6248251795768738,
    0.6247349381446838,
    0.6298335194587708,
    0.6249154210090637,
    0.6314127445220947,
    0.6321797370910645,
    0.6346613764762878,
    0.6380002498626709,
    0.6330821514129639,
    0.6340296864509583,
    0.6391733884811401,
    0.642512321472168,
    0.6383160948753357,
    0.6449487805366516,
    0.6403465270996094,
    0.6495059132575989,
    0.6435500383377075,
    0.6480621099472046,
    0.6484681963920593,
    0.6545142531394958,
    0.6532509326934814,
    0.6535667777061462,
    0.6594775319099426,
    0.6584848761558533,
    0.6570410132408142,
    0.6592970490455627,
    0.6568605303764343,
    0.6615981459617615,
    0.6642602682113647,
    0.6585299968719482,
    0.6621847152709961,
    0.6608762145042419,
    0.6664260029792786,
    0.6652078032493591
  ],
  "loss": [
    2.011117458343506,
    1.8355941772460938,
    1.6790757179260254,
    1.5720432996749878,
    1.496903419494629,
    1.4341498613357544,
    1.3923970460891724,
    1.3564770221710205,
    1.3346977233886719,
    1.3129347562789917,
    1.2641255855560303,
    1.256429672241211,
    1.2473641633987427,
    1.2238609790802002,
    1.1996572017669678,
    1.185520887374878,
    1.162556529045105,
    1.1761600971221924,
    1.1474488973617554,
    1.1313515901565552,
    1.1085946559906006,
    1.1022521257400513,
    1.0970646142959595,
    1.0729727745056152,
    1.0305941104888916,
    1.0089831352233887,
    1.007980227470398,
    0.9952613115310669,
    0.9896220564842224,
    0.9773986339569092,
    0.9579351544380188,
    0.9772616028785706,
    0.93753981590271,
    0.9282127022743225,
    0.9204117059707642,
    0.917375385761261,
    0.9157784581184387,
    0.8979600071907043,
    0.9124722480773926,
    0.8948157429695129,
    0.8960206508636475,
    0.8882785439491272,
    0.892199695110321,
    0.8875484466552734,
    0.8805420398712158,
    0.8748767971992493,
    0.8727765679359436,
    0.8634129166603088,
    0.8665651679039001,
    0.8660869598388672,
    0.8622816205024719,
    0.859795331954956,
    0.8465123176574707,
    0.8454465866088867,
    0.836118757724762,
    0.8338633179664612,
    0.8269097208976746,
    0.830204427242279,
    0.8272699117660522,
    0.8223289847373962,
    0.8208816051483154,
    0.8218159079551697,
    0.8140490651130676,
    0.8195642232894897,
    0.8201517462730408,
    0.8031650185585022,
    0.8059072494506836,
    0.8037152886390686,
    0.8045057654380798
  ],
  "val_accuracy": [
    0.0813305452466011,
    0.35684430599212646,
    0.37164750695228577,
    0.414838045835495,
    0.5034831166267395,
    0.407175213098526,
    0.5154998302459717,
    0.484674334526062,
    0.4263322949409485,
    0.5475444197654724,
    0.5252525210380554,
    0.5233368277549744,
    0.5424938797950745,
    0.5562521815299988,
    0.5360501408576965,
    0.5499826073646545,
    0.5644374489784241,
    0.58481365442276,
    0.5938697457313538,
    0.5896900296211243,
    0.552246630191803,
    0.5799372792243958,
    0.5719261765480042,
    0.5952630043029785,
    0.5985718965530396,
    0.6062347888946533,
    0.6074538230895996,
    0.5902124643325806,
    0.6098920106887817,
    0.600139319896698,
    0.6043190360069275,
    0.608498752117157,
    0.6192964315414429,
    0.6226053833961487,
    0.6145942211151123,
    0.6175548434257507,
    0.6187739372253418,
    0.6276558637619019,
    0.624346911907196,
    0.6203413605690002,
    0.6316614151000977,
    0.6267850995063782,
    0.6229536533355713,
    0.6297457218170166,
    0.6255660057067871,
    0.625043511390686,
    0.6327064037322998,
    0.6292232871055603,
    0.639672577381134,
    0.6318355798721313,
    0.629397451877594,
    0.6314873099327087,
    0.6262626051902771,
    0.6246952414512634,
    0.6220828890800476,
    0.6299198865890503,
    0.6325322389602661,
    0.6344479322433472,
    0.6314873099327087,
    0.6297457218170166,
    0.6295715570449829,
    0.6325322389602661,
    0.632009744644165,
    0.6330546736717224,
    0.6330546736717224,
    0.6327064037322998,
    0.6328805088996887,
    0.6325322389602661,
    0.6351445317268372
  ],
  "val_loss": [
    2.0278215408325195,
    1.6480499505996704,
    1.6590465307235718,
    1.550765037536621,
    1.3033803701400757,
    1.5632171630859375,
    1.2821778059005737,
    1.3480632305145264,
    1.5177029371261597,
    1.1937527656555176,
    1.2699052095413208,
    1.2353206872940063,
    1.191867470741272,
    1.1821811199188232,
    1.2148056030273438,
    1.1880935430526733,
    1.140424370765686,
    1.1055914163589478,
    1.065100908279419,
    1.0867756605148315,
    1.1912705898284912,
    1.1095341444015503,
    1.1537221670150757,
    1.0809975862503052,
    1.0709415674209595,
    1.0501821041107178,
    1.02912175655365,
    1.0744292736053467,
    1.0333985090255737,
    1.0586963891983032,
    1.0410948991775513,
    1.0412445068359375,
    0.9959203600883484,
    1.000400424003601,
    1.016814112663269,
    1.0086065530776978,
    1.0133581161499023,
    0.9925282597541809,
    1.0112534761428833,
    1.0116569995880127,
    0.988556444644928,
    0.9882603287696838,
    1.0103321075439453,
    0.9878479242324829,
    1.0059704780578613,
    0.9908231496810913,
    0.984331488609314,
    1.0048319101333618,
    0.980198860168457,
    0.9985248446464539,
    0.9963867664337158,
    0.9981540441513062,
    0.9883950352668762,
    1.0062299966812134,
    1.0248007774353027,
    0.9914146065711975,
    0.9873034954071045,
    0.9813680052757263,
    0.9788802862167358,
    1.0121829509735107,
    0.9941571950912476,
    0.989120364189148,
    0.9974761009216309,
    1.001078724861145,
    0.9889864325523376,
    0.9985629916191101,
    0.9888819456100464,
    0.9929689168930054,
    0.9888191223144531
  ],