{
  "accuracy": [
    0.20998962223529816,
    0.2660740911960602,
    0.31065288186073303,
    0.35866081714630127,
    0.4181293249130249,
    0.445923388004303,
    0.47200289368629456,
    0.490276575088501,
    0.5123403668403625,
    0.5303884744644165,
    0.5479853749275208,
    0.5605288147926331,
    0.5758245587348938,
    0.5940531492233276,
    0.6006858348846436,
    0.6061002612113953,
    0.617921769618988,
    0.6349321007728577,
    0.6433695554733276,
    0.6509948968887329,
    0.657311737537384,
    0.6726977229118347,
    0.6838424205780029,
    0.6889410018920898,
    0.7000405788421631,
    0.7024770975112915,
    0.734241783618927,
    0.7484997510910034,
    0.7560799717903137,
    0.7630284428596497,
    0.7637954950332642
  ],
  "loss": [
    1.9791903495788574,
    1.83658766746521,
    1.7365916967391968,
    1.6512689590454102,
    1.5223472118377686,
    1.4416087865829468,
    1.3666836023330688,
    1.3059732913970947,
    1.2397254705429077,
    1.1930428743362427,
    1.1396244764328003,
    1.1078561544418335,
    1.0444107055664062,
    1.0036377906799316,
    0.9758718609809875,
    0.9581323862075806,
    0.9280113577842712,
    0.8838469386100769,
    0.8631495833396912,
    0.8521028161048889,
    0.8317974805831909,
    0.7867653369903564,
    0.7629580497741699,
    0.7495651841163635,
    0.717949628829956,
    0.725415825843811,
    0.6325427293777466,
    0.5953959226608276,
    0.5765633583068848,
    0.5646026134490967,
    0.5571341514587402
  ],
  "val_accuracy": [
    0.30268198251724243,
    0.4076976776123047,
    0.392546147108078,
    0.4674329459667206,
    0.5179380178451538,
    0.5254266858100891,
    0.5233368277549744,
    0.5026123523712158,
    0.5313479900360107,
    0.537617564201355,
    0.5538139939308167,
    0.5478927493095398,
    0.5404040217399597,
    0.5741901993751526,
    0.590560793876648,
    0.5646116137504578,
    0.5858585834503174,
    0.5896900296211243,
    0.58411705493927,
    0.5983977913856506,
    0.5987460613250732,
    0.5985718965530396,
    0.5963079333305359,
    0.6034482717514038,
    0.6163357496261597,
    0.6051898002624512,
    0.6152908205986023,
    0.6194705963134766,
    0.6192964315414429,
    0.6227795481681824,
    0.6177290081977844
  ],
  "val_loss": [
    1.8504403829574585,
    1.598328948020935,
    1.5852833986282349,
    1.384132742881775,
    1.2758030891418457,
    1.2850446701049805,
    1.2695438861846924,
    1.3464709520339966,
    1.2842730283737183,
    1.334174633026123,
    1.2312110662460327,
    1.224094271659851,
    1.2632418870925903,
    1.1924163103103638,
    1.1898181438446045,
    1.290636420249939,
    1.2256419658660889,
    1.1669752597808838,
    1.2855862379074097,
    1.2374062538146973,
    1.1659389734268188,
    1.2181907892227173,
    1.2672815322875977,
    1.3027348518371582,
    1.293566346168518,
    1.3107999563217163,
    1.343334436416626,
    1.3746572732925415,
    1.3459569215774536,
    1.4183948040008545,
    1.483424425125122
  ],
  "learning_rate": [
    9.999999747378752e-05,
    9.999999747378752e-05,
    9.999999747378752e-05,
    9.999999747378752e-05,
    9.999999747378752e-05,
    9.999999747378752e-05,
    9.999999747378752e-05,
    9.999999747378752e-05,
    9.999999747378752e-05,
    9.999999747378752e-05,
    9.999999747378752e-05,
    9.999999747378752e-05,
    9.999999747378752e-05,
    9.999999747378752e-05,
    9.999999747378752e-05,
    9.999999747378752e-05,
    9.999999747378752e-05,
    9.999999747378752e-05,
    9.999999747378752e-05,
    9.999999747378752e-05,
    9.999999747378752e-05,
    9.999999747378752e-05,
    9.999999747378752e-05,
    9.999999747378752e-05,
    9.999999747378752e-05,
    9.999999747378752e-05,
    4.999999873689376e-05,
    4.999999873689376e-05,
    4.999999873689376e-05,
    4.999999873689376e-05,
    4.999999873689376e-05
  ]
}