{
  "Angry": 1.0774763723020442e-05,
  "Disgust": 2.9127375966893354e-14,
  "Fear": 1.2158299114162219e-06,
  "Happy": 0.9999362230300903,
  "Sad": 2.491161694706534e-06,
  "Surprise": 1.1000959602824878e-05,
  "Neutral": 3.822711732937023e-05
}